event,lead_time_h,sigma_a_over_sigma_c,S_cross,S_along,variance_ratio_cross_over_along,confirms_decomposition
Amphan,72,1.7674738895902675,0.2955858861889824,0.00527733343818571,56.010462414632194,True
Amphan,48,2.440137987012987,0.32964174297375626,0.0,inf,True
Fani,72,1.7674738895902675,0.5014637400986505,0.3500569287928771,1.4325205383817965,True
Fani,48,2.440137987012987,0.33084725109650515,0.5176721861727214,0.6391057119420318,False
Fani,24,4.1631345490389355,0.20692290406426678,0.7078722600703091,0.2923167296366639,False
Fani,12,3.9696969696969697,0.3050861718059163,0.5999851898218989,0.5084895043767311,False
Fani,0,1.0,0.17268683899785994,0.7703965406547706,0.22415318590487313,False
Phailin,72,1.7674738895902675,0.2785700090308025,0.36810271427889574,0.7567724937223415,False
Phailin,48,2.440137987012987,0.30225651760837435,0.4050658672896212,0.74619103216678,False
Phailin,24,4.1631345490389355,0.1067692992674178,0.38712836443911836,0.27579818239902915,False
Phailin,12,3.9696969696969697,0.27248525123930084,0.2767610457146528,0.984550591416104,False
Phailin,0,1.0,0.37818691847482766,0.6063237709663251,0.6237375748473368,False
Titli,48,2.440137987012987,0.3822119867336076,0.015986744808522413,23.908055786932515,True
Titli,24,4.1631345490389355,0.5414196214791701,0.11636438284667286,4.652795023994325,True
Titli,12,3.9696969696969697,0.7043429614918466,0.18258085947816285,3.8577042714386383,True
Titli,0,1.0,0.8964129102318578,0.046887013236545955,19.118575664212948,True
