event,lead_time_h,meteorological_sd,exposure_scenario_sd,exposure_scenario_range,exposure_share_of_total_variance,n_scenarios,scenarios,mean_loss_COMBINED_SENSITIVITY,mean_loss_DIRTY,mean_loss_P001_SENSITIVITY,mean_loss_P003_SENSITIVITY,mean_loss_PRIMARY
Fani,72,46672383604.779724,183340812869.44934,410914989394.7929,0.9391399936828214,5,"COMBINED_SENSITIVITY,DIRTY,P001_SENSITIVITY,P003_SENSITIVITY,PRIMARY",457572855534.9158,458025722947.34143,457572855534.9158,255052086147.93677,47110733552.54853
Fani,48,42903197635.12711,210744171276.7403,471222493386.01526,0.960204680231381,5,"COMBINED_SENSITIVITY,DIRTY,P001_SENSITIVITY,P003_SENSITIVITY,PRIMARY",527312325441.1754,527580218453.92035,527312325441.1754,291104738163.8459,56357725067.905106
Fani,24,33001521954.340508,270347316329.04913,600876730148.0968,0.9853175000280953,5,"COMBINED_SENSITIVITY,DIRTY,P001_SENSITIVITY,P003_SENSITIVITY,PRIMARY",679188833110.4352,679325821576.0609,679188833110.4352,364556585902.08813,78449091427.9641
Fani,12,24400356290.867546,263406184061.83154,583850747232.7905,0.9914919585234787,5,"COMBINED_SENSITIVITY,DIRTY,P001_SENSITIVITY,P003_SENSITIVITY,PRIMARY",662499332289.2083,662615716290.5527,662499332289.2083,350997670892.9955,78764969057.76222
Fani,0,4066369318.030415,78916614684.91948,172647640823.31458,0.9973519560453998,5,"COMBINED_SENSITIVITY,DIRTY,P001_SENSITIVITY,P003_SENSITIVITY,PRIMARY",201120470706.4447,201134493207.83206,201120470706.4447,101415338141.35413,28486852384.51749
Phailin,72,31981030021.040306,67853711372.21239,150926041143.47806,0.8182331262020999,5,"COMBINED_SENSITIVITY,DIRTY,P001_SENSITIVITY,P003_SENSITIVITY,PRIMARY",167628122968.51743,168228876607.0643,167628122968.51743,88024566196.87389,17302835463.586235
Phailin,48,25741850451.691654,44825486310.21595,98227346014.7114,0.7520018611956973,5,"COMBINED_SENSITIVITY,DIRTY,P001_SENSITIVITY,P003_SENSITIVITY,PRIMARY",108419643042.98328,108745143327.56079,108419643042.98328,51762858762.50205,10517797312.849401
Phailin,24,4226143566.607109,13816958216.514803,26656599572.249477,0.9144493596773827,5,"COMBINED_SENSITIVITY,DIRTY,P001_SENSITIVITY,P003_SENSITIVITY,PRIMARY",28273472405.625656,28440258754.998734,28273472405.625656,4549176412.050417,1783659182.7492568
Phailin,12,1072925719.4331548,9605203316.859814,17660341066.296345,0.9876763083293767,5,"COMBINED_SENSITIVITY,DIRTY,P001_SENSITIVITY,P003_SENSITIVITY,PRIMARY",18272622068.88765,18349898214.5307,18272622068.88765,834650290.257761,689557148.2343554
Phailin,0,20813107.835423637,4715562820.826732,8610372752.161972,0.9999805195789899,5,"COMBINED_SENSITIVITY,DIRTY,P001_SENSITIVITY,P003_SENSITIVITY,PRIMARY",8845250097.48716,8842332299.941242,8845250097.48716,234877345.3251872,234877345.3251872
Titli,48,2644449665.3563747,3435121169.2285647,6884362623.515825,0.6278906921012148,5,"COMBINED_SENSITIVITY,DIRTY,P001_SENSITIVITY,P003_SENSITIVITY,PRIMARY",7507349149.454199,7523129405.739933,7507349149.454199,1959637370.2420537,638766782.2241074
Titli,24,84996309.84000841,1249836218.1703243,2282048927.400584,0.9953964800311578,5,"COMBINED_SENSITIVITY,DIRTY,P001_SENSITIVITY,P003_SENSITIVITY,PRIMARY",2340838642.9016333,2340326663.76203,2340838642.9016333,58789715.501049116,58789715.501049116
Titli,12,68587091.33681537,1377480617.5339665,2515202876.791057,0.9975269186522496,5,"COMBINED_SENSITIVITY,DIRTY,P001_SENSITIVITY,P003_SENSITIVITY,PRIMARY",2575727135.494417,2574890340.5927596,2575727135.494417,60524258.70336006,60524258.70336006
Titli,0,34731438.0344673,941323261.7443198,1718807377.1602368,0.9986405065279124,5,"COMBINED_SENSITIVITY,DIRTY,P001_SENSITIVITY,P003_SENSITIVITY,PRIMARY",1757571039.4357276,1756988587.0737529,1757571039.4357276,38763662.27549081,38763662.27549081
Amphan,72,5470954181.394126,3087607162.180016,6870541525.066356,0.24156596198599753,5,"COMBINED_SENSITIVITY,DIRTY,P001_SENSITIVITY,P003_SENSITIVITY,PRIMARY",7495093834.501261,7911596026.40622,7495093834.501261,3383273708.2541733,1041054501.339865
Amphan,48,119855936.60614543,159915236.71944344,389365724.0735547,0.6403092946463537,5,"COMBINED_SENSITIVITY,DIRTY,P001_SENSITIVITY,P003_SENSITIVITY,PRIMARY",121235705.61089183,412712267.4477102,121235705.61089183,23346543.374155495,23346543.374155495
Amphan,24,0.0,99698168.35755816,222931881.6797186,1.0,5,"COMBINED_SENSITIVITY,DIRTY,P001_SENSITIVITY,P003_SENSITIVITY,PRIMARY",0.0,222931881.6797186,0.0,0.0,0.0
Amphan,12,0.0,6253194.406193459,13982567.768770007,1.0,5,"COMBINED_SENSITIVITY,DIRTY,P001_SENSITIVITY,P003_SENSITIVITY,PRIMARY",0.0,13982567.768770007,0.0,0.0,0.0
Amphan,0,0.0,0.0,0.0,,5,"COMBINED_SENSITIVITY,DIRTY,P001_SENSITIVITY,P003_SENSITIVITY,PRIMARY",0.0,0.0,0.0,0.0,0.0
