event,lead_time_h,source,label,loss_variance,loss_mean,eta_sq,omega_sq,spearman_sq,n_bins,degenerate
Fani,72,along,"Track position, along-track (timing)",2.1783113913517112e+21,47110733552.54853,0.3622267576172436,0.3500569287928771,0.37467847521485276,10.0,False
Fani,72,cross,"Track position, cross-track (landfall place)",2.1783113913517112e+21,47110733552.54853,0.5109468438339416,0.5014637400986505,0.03815734544935731,10.0,False
Fani,72,intensity,Intensity,2.1783113913517112e+21,47110733552.54853,0.01477261684188378,0.0,0.0002718096713245897,10.0,False
Fani,48,along,"Track position, along-track (timing)",1.8406843673187765e+21,56357725067.905106,0.5268623275308641,0.5176721861727214,0.5228316398378408,10.0,False
Fani,48,cross,"Track position, cross-track (landfall place)",1.8406843673187765e+21,56357725067.905106,0.34335150979000034,0.33084725109650515,0.08963681840836464,10.0,False
Fani,48,intensity,Intensity,1.8406843673187765e+21,56357725067.905106,0.026176435598545152,0.00827343774497829,0.0021532815900502235,10.0,False
Fani,24,along,"Track position, along-track (timing)",1.0891004513028184e+21,78449091427.9641,0.7135474533988315,0.7078722600703091,0.6697185520877852,10.0,False
Fani,24,cross,"Track position, cross-track (landfall place)",1.0891004513028184e+21,78449091427.9641,0.2215497037824724,0.20692290406426678,0.19613972844970373,10.0,False
Fani,24,intensity,Intensity,1.0891004513028184e+21,78449091427.9641,0.014865658500170098,0.0,0.002799929034640214,10.0,False
Fani,12,along,"Track position, along-track (timing)",5.953773871212794e+20,78764969057.76222,0.6076716116939094,0.5999851898218989,0.548648985433848,10.0,False
Fani,12,cross,"Track position, cross-track (landfall place)",5.953773871212794e+20,78764969057.76222,0.31803663682701666,0.3050861718059163,0.3087989143999679,10.0,False
Fani,12,intensity,Intensity,5.953773871212794e+20,78764969057.76222,0.006590949205610038,0.0,7.558206759293141e-05,10.0,False
Fani,0,along,"Track position, along-track (timing)",1.6535359430619144e+19,28486852384.51749,0.7748852355843561,0.7703965406547706,0.8024503001605444,10.0,False
Fani,0,cross,"Track position, cross-track (landfall place)",1.6535359430619144e+19,28486852384.51749,0.18788936258084937,0.17268683899785994,0.16998325614990709,10.0,False
Fani,0,intensity,Intensity,1.6535359430619144e+19,28486852384.51749,0.01286271846430834,0.0,0.0007629854073974513,10.0,False
Phailin,72,along,"Track position, along-track (timing)",1.0227862812066814e+21,17302835463.586235,0.3799570530829431,0.36810271427889574,0.422588374860085,10.0,False
Phailin,72,cross,"Track position, cross-track (landfall place)",1.0227862812066814e+21,17302835463.586235,0.29197703084169474,0.2785700090308025,0.4296510229945211,10.0,False
Phailin,72,intensity,Intensity,1.0227862812066814e+21,17302835463.586235,0.016373632009460556,0.0,0.001935895222716672,10.0,False
Phailin,48,along,"Track position, along-track (timing)",6.626428646772579e+20,10517797312.849401,0.41626998812712757,0.4050658672896212,0.5017084868617125,10.0,False
Phailin,48,cross,"Track position, cross-track (landfall place)",6.626428646772579e+20,10517797312.849401,0.3152558357007158,0.30225651760837435,0.3783856671615568,10.0,False
Phailin,48,intensity,Intensity,6.626428646772579e+20,10517797312.849401,0.01219747356477839,0.0,0.0005127560432148377,10.0,False
Phailin,24,along,"Track position, along-track (timing)",1.7860289445574656e+19,1783659182.7492568,0.398648694834449,0.38712836443911836,0.6801967006139035,10.0,False
Phailin,24,cross,"Track position, cross-track (landfall place)",1.7860289445574656e+19,1783659182.7492568,0.12306730687411715,0.1067692992674178,0.3319197306945995,10.0,False
Phailin,24,intensity,Intensity,1.7860289445574656e+19,1783659182.7492568,0.01965210603470497,0.0016424301192029304,8.751499296218096e-05,10.0,False
Phailin,12,along,"Track position, along-track (timing)",1.1511695994211528e+18,689557148.2343554,0.2901991134985515,0.2767610457146528,0.5926675170284468,10.0,False
Phailin,12,cross,"Track position, cross-track (landfall place)",1.1511695994211528e+18,689557148.2343554,0.2859966502793421,0.27248525123930084,0.3332424640611924,10.0,False
Phailin,12,intensity,Intensity,1.1511695994211528e+18,689557148.2343554,0.018336401277936204,0.00030523387898381366,0.00013429879336060156,10.0,False
Phailin,0,along,"Track position, along-track (timing)",433185457768972.8,234877345.3251872,0.6138932934825457,0.6063237709663251,0.6521795615725919,10.0,False
Phailin,0,cross,"Track position, cross-track (landfall place)",433185457768972.8,234877345.3251872,0.38986439950955276,0.37818691847482766,0.34977882488984885,10.0,False
Phailin,0,intensity,Intensity,433185457768972.8,234877345.3251872,0.024117841637774657,0.006181165078635552,0.00017315582376567563,10.0,False
Titli,48,along,"Track position, along-track (timing)",6.993114032603442e+18,638766782.2241074,0.03376543467253917,0.015986744808522413,0.014032890177967758,10.0,False
Titli,48,cross,"Track position, cross-track (landfall place)",6.993114032603442e+18,638766782.2241074,0.3938187639959949,0.3822119867336076,0.6355065374842638,10.0,False
Titli,48,intensity,Intensity,6.993114032603442e+18,638766782.2241074,0.020085531177859786,0.0020829366489634156,0.0035232515054645264,10.0,False
Titli,24,along,"Track position, along-track (timing)",7224372686418710.0,58789715.501049116,0.13250399445326072,0.11636438284667286,0.022901763306520075,10.0,False
Titli,24,cross,"Track position, cross-track (landfall place)",7224372686418710.0,58789715.501049116,0.5501786705785611,0.5414196214791701,0.6194583522591017,10.0,False
Titli,24,intensity,Intensity,7224372686418710.0,58789715.501049116,0.013082433733435277,0.0,2.5110894226057488e-06,10.0,False
Titli,12,along,"Track position, along-track (timing)",4704189098044655.0,60524258.70336006,0.197617476623343,0.18258085947816285,0.03658923739783991,10.0,False
Titli,12,cross,"Track position, cross-track (landfall place)",4704189098044655.0,60524258.70336006,0.7100846712469752,0.7043429614918466,0.7032493795019167,10.0,False
Titli,12,intensity,Intensity,4704189098044655.0,60524258.70336006,0.019934596944344456,0.0019295363335172725,0.0003289467372828345,10.0,False
Titli,0,along,"Track position, along-track (timing)",1206272787942041.8,38763662.27549081,0.0641653606754083,0.046887013236545955,0.055945428558329485,10.0,False
Titli,0,cross,"Track position, cross-track (landfall place)",1206272787942041.8,38763662.27549081,0.8984636163102365,0.8964129102318578,0.8895363846907638,10.0,False
Titli,0,intensity,Intensity,1206272787942041.8,38763662.27549081,0.012829624662851355,0.0,0.00024600859123189784,10.0,False
Amphan,72,along,"Track position, along-track (timing)",2.9931339654913868e+19,1041054501.339865,0.023228553373402298,0.00527733343818571,0.00978481828693961,10.0,False
Amphan,72,cross,"Track position, cross-track (landfall place)",2.9931339654913868e+19,1041054501.339865,0.3087002458578191,0.2955858861889824,0.3960829595702782,10.0,False
Amphan,72,intensity,Intensity,2.9931339654913868e+19,1041054501.339865,0.0065428100678015435,0.0,0.0006788742089162007,10.0,False
Amphan,48,along,"Track position, along-track (timing)",1.436544553973635e+16,23346543.374155495,0.013218432202950138,0.0,0.006417590185139735,10.0,False
Amphan,48,cross,"Track position, cross-track (landfall place)",1.436544553973635e+16,23346543.374155495,0.34216694046787677,0.32964174297375626,0.13075775708965467,10.0,False
Amphan,48,intensity,Intensity,1.436544553973635e+16,23346543.374155495,0.012662153800295423,0.0,0.00030138406533892635,10.0,False
Amphan,24,along,"Track position, along-track (timing)",0.0,0.0,0.0,0.0,0.0,10.0,True
Amphan,24,cross,"Track position, cross-track (landfall place)",0.0,0.0,0.0,0.0,0.0,10.0,True
Amphan,24,intensity,Intensity,0.0,0.0,0.0,0.0,0.0,10.0,True
Amphan,12,along,"Track position, along-track (timing)",0.0,0.0,0.0,0.0,0.0,10.0,True
Amphan,12,cross,"Track position, cross-track (landfall place)",0.0,0.0,0.0,0.0,0.0,10.0,True
Amphan,12,intensity,Intensity,0.0,0.0,0.0,0.0,0.0,10.0,True
Amphan,0,along,"Track position, along-track (timing)",0.0,0.0,0.0,0.0,0.0,10.0,True
Amphan,0,cross,"Track position, cross-track (landfall place)",0.0,0.0,0.0,0.0,0.0,10.0,True
Amphan,0,intensity,Intensity,0.0,0.0,0.0,0.0,0.0,10.0,True
Amphan,0,interaction_residual,Interaction and higher order (not attributed),0.0,0.0,,,,,True
Amphan,12,interaction_residual,Interaction and higher order (not attributed),0.0,0.0,,,,,True
Amphan,24,interaction_residual,Interaction and higher order (not attributed),0.0,0.0,,,,,True
Amphan,48,interaction_residual,Interaction and higher order (not attributed),1.436544553973635e+16,23346543.374155495,,0.6703582570262437,,,False
Amphan,72,interaction_residual,Interaction and higher order (not attributed),2.9931339654913868e+19,1041054501.339865,,0.6991367803728319,,,False
Fani,0,interaction_residual,Interaction and higher order (not attributed),1.6535359430619144e+19,28486852384.51749,,0.05691662034736944,,,False
Fani,12,interaction_residual,Interaction and higher order (not attributed),5.953773871212794e+20,78764969057.76222,,0.09492863837218479,,,False
Fani,24,interaction_residual,Interaction and higher order (not attributed),1.0891004513028184e+21,78449091427.9641,,0.08520483586542404,,,False
Fani,48,interaction_residual,Interaction and higher order (not attributed),1.8406843673187765e+21,56357725067.905106,,0.14320712498579524,,,False
Fani,72,interaction_residual,Interaction and higher order (not attributed),2.1783113913517112e+21,47110733552.54853,,0.14847933110847245,,,False
Phailin,0,interaction_residual,Interaction and higher order (not attributed),433185457768972.8,234877345.3251872,,0.00930814548021175,,,False
Phailin,12,interaction_residual,Interaction and higher order (not attributed),1.1511695994211528e+18,689557148.2343554,,0.4504484691670625,,,False
Phailin,24,interaction_residual,Interaction and higher order (not attributed),1.7860289445574656e+19,1783659182.7492568,,0.504459906174261,,,False
Phailin,48,interaction_residual,Interaction and higher order (not attributed),6.626428646772579e+20,10517797312.849401,,0.2926776151020045,,,False
Phailin,72,interaction_residual,Interaction and higher order (not attributed),1.0227862812066814e+21,17302835463.586235,,0.35332727669030173,,,False
Titli,0,interaction_residual,Interaction and higher order (not attributed),1206272787942041.8,38763662.27549081,,0.056700076531596255,,,False
Titli,12,interaction_residual,Interaction and higher order (not attributed),4704189098044655.0,60524258.70336006,,0.11114664269647334,,,False
Titli,24,interaction_residual,Interaction and higher order (not attributed),7224372686418710.0,58789715.501049116,,0.34221599567415706,,,False
Titli,48,interaction_residual,Interaction and higher order (not attributed),6.993114032603442e+18,638766782.2241074,,0.5997183318089065,,,False
