event,lead_time_h,n_members,p5,p25,p50,p75,p95,mean,minimum,maximum,width_p95_p5,relative_width,p_zero_loss,p95_p5_ratio
Fani,72,500,0.0,1626111677.903813,30174089820.835155,89739980313.74387,133420170006.55542,47110733552.54853,0.0,140443438594.59088,133420170006.55542,4.421680017484041,0.106,
Fani,48,500,389512916.4748464,18721510286.954132,45771906234.00629,92472318893.44232,132521261342.41077,56357725067.905106,0.0,140284144723.2576,132131748425.93591,2.886743404358556,0.03,340.22302146421526
Fani,24,500,24050293375.43117,52327018668.564896,79433465654.14204,104155258876.8522,130207369407.0421,78449091427.9641,0.0,138634401150.6773,106157076031.61093,1.3364276021119996,0.002,5.4139617914206735
Fani,12,500,36015653751.383385,62117172604.06718,79926845424.03304,96588264516.2375,115974132002.13931,78764969057.76222,495682820.3596626,129181014072.4235,79958478250.75592,1.000395772240917,0.0,3.220103480634019
Fani,0,500,21726603188.431973,25753727156.275246,28339408398.11785,31107852805.385483,35321824123.42431,28486852384.51749,18501358181.41301,44121778523.5744,13595220934.992336,0.47972846659336954,0.0,1.6257407482008472
Phailin,72,500,0.0,0.0,590274979.6668818,20508055292.759453,99979524832.51729,17302835463.586235,0.0,135909421357.30624,99979524832.51729,169.37788027020923,0.314,
Phailin,48,500,0.0,0.0,367422087.4016493,4183098997.1839476,70049333823.31847,10517797312.849401,0.0,136349009296.54675,70049333823.31847,190.65085150078005,0.272,
Phailin,24,500,0.0,20604455.43218004,278933446.70055544,1551398807.6477208,10460949658.954292,1783659182.7492568,0.0,34342710576.46781,10460949658.954292,37.5033893665125,0.242,
Phailin,12,500,0.0,177736442.59858808,311151520.79716605,893274042.9875743,2158169375.548115,689557148.2343554,0.0,12988259904.891403,2158169375.548115,6.936072078384556,0.072,
Phailin,0,500,204215976.8370961,224039991.29248026,234031849.1857537,246711069.35884565,267451636.50508535,234877345.3251872,149165389.02299446,319684377.6713324,63235659.667989254,0.27020108539927146,0.0,1.3096508933697808
Titli,48,500,0.0,0.0,0.0,149034897.21904472,2369431855.060435,638766782.2241074,0.0,23251406838.64944,2369431855.060435,,0.612,
Titli,24,500,0.0,0.0,0.0,119996300.37668106,186132196.03069165,58789715.501049116,0.0,914848345.1273558,186132196.03069165,,0.534,
Titli,12,500,0.0,0.0,24626915.240955405,121678014.97772488,175635069.2722097,60524258.70336006,0.0,322927000.56871974,175635069.2722097,7.131833912357913,0.458,
Titli,0,500,0.0,0.0,35368653.841527276,68577447.18459374,94605876.41407344,38763662.27549081,0.0,113729390.81510876,94605876.41407344,2.674850924153471,0.298,
Amphan,72,500,0.0,0.0,0.0,0.0,2882342506.0639033,1041054501.339865,0.0,70149844740.3862,2882342506.0639033,,0.842,
Amphan,48,500,0.0,0.0,0.0,0.0,0.0,23346543.374155495,0.0,1346559723.005677,0.0,,0.954,
Amphan,24,500,0.0,0.0,0.0,0.0,0.0,0.0,0.0,0.0,0.0,,1.0,
Amphan,12,500,0.0,0.0,0.0,0.0,0.0,0.0,0.0,0.0,0.0,,1.0,
Amphan,0,500,0.0,0.0,0.0,0.0,0.0,0.0,0.0,0.0,0.0,,1.0,
