event_id,member_index,gross_loss
0,0,100769431219.80316
1,1,96122394865.12956
2,2,110439962805.69925
3,3,110806438463.94817
4,4,97548682077.13147
5,5,91617678050.99979
6,6,129736260758.82439
7,7,105964190489.21024
8,8,123961798362.69131
9,9,95649864331.37306
10,10,102296405826.08281
11,11,115049419538.23518
12,12,51855659928.92414
13,13,94108805807.95085
14,14,110762864715.16225
15,15,105114577868.01605
16,16,110154573877.11311
17,17,112629126391.78932
18,18,118028644282.30173
19,19,54513782287.726395
20,20,93999151109.21068
21,21,93067673764.14072
22,22,100039250962.3015
23,23,116227744592.62479
24,24,118385503223.3945
25,25,34698623054.20423
26,26,112932175706.80603
27,27,104975096911.39424
28,28,99287526827.6476
29,29,101844605338.17656
30,30,45766682050.12397
31,31,95501809289.38637
32,32,141248766716.0409
33,33,87963179078.75931
34,34,127358634498.66571
35,35,48563678109.8126
36,36,108131622019.45013
37,37,103468880274.48315
38,38,103633261898.52232
39,39,95017315304.96179
40,40,105927671544.18106
41,41,95447415702.80818
42,42,119668779430.26953
43,43,103538805341.11586
44,44,108167985146.95537
45,45,105388868709.6054
46,46,112461701253.12668
47,47,109288058267.76361
48,48,96659616545.12254
49,49,94273149633.8907
50,50,113002933058.17154
51,51,99230424042.6682
52,52,107996352064.10973
53,53,118547823142.65091
54,54,112553599135.25552
55,55,104979678235.86398
56,56,109414365443.36621
57,57,111021396670.98718
58,58,119509140505.46872
59,59,112365389514.95563
60,60,98317764513.81577
61,61,110800227771.24231
62,62,56535218153.7097
63,63,64747300005.07382
64,64,106531110891.28638
65,65,103272323018.16351
66,66,95089368619.82114
67,67,107261290427.17543
68,68,35611842798.9788
69,69,102021775823.25996
70,70,95723146705.67082
71,71,108551219978.05214
72,72,97766306474.67342
73,73,117148959370.07974
74,74,96735002316.06252
75,75,107431241496.06944
76,76,100109985728.1081
77,77,93641252577.15068
78,78,112352434217.79234
79,79,92781383825.14276
80,80,106835240651.7857
81,81,48729897685.981705
82,82,127851527328.83122
83,83,88820128321.86093
84,84,113618099713.01682
85,85,96122373764.44301
86,86,114448619756.34132
87,87,97254307740.12369
88,88,104028709686.74265
89,89,109189410304.13098
90,90,103473273143.35164
91,91,127498216803.1061
92,92,101620563443.96104
93,93,112904738000.17448
94,94,120718675884.35612
95,95,106267651464.5955
96,96,104289640833.89264
97,97,129575843358.68304
98,98,105339756470.32166
99,99,107417306960.9988
100,100,92535646810.73254
101,101,111791330026.69232
102,102,111409835399.62207
103,103,115101609622.2819
104,104,97008652779.47057
105,105,102142797031.74573
106,106,114989900136.5475
107,107,94354026335.8768
108,108,109261338004.50026
109,109,109772499350.70874
110,110,107448674645.35478
111,111,103300533174.16243
112,112,92682831831.5091
113,113,109209608337.99785
114,114,104418246287.17259
115,115,104346328504.50137
116,116,94917293258.11455
117,117,68807588604.8598
118,118,121603330961.94402
119,119,91590924765.2944
120,120,98438176977.76794
121,121,77774810991.34044
122,122,77092545703.52287
123,123,106287288063.44052
124,124,99941001629.47762
125,125,118496925090.24715
126,126,21600126621.494724
127,127,97052189066.48193
128,128,113920764260.3754
129,129,100177094186.45685
130,130,18576214423.44661
131,131,107575190627.84087
132,132,93633640830.67747
133,133,108506353510.69615
134,134,99178207493.20929
135,135,97443667310.7761
136,136,98052375734.60341
137,137,101925276336.59398
138,138,109184931364.81102
139,139,96400827141.53174
140,140,118472460485.8743
141,141,82092165241.39485
142,142,95404393468.36989
143,143,94265581696.28539
144,144,53076193044.14738
145,145,136451451364.96246
146,146,102140484112.20682
147,147,105052690102.36858
148,148,113141303598.44714
149,149,103924988595.71602
150,150,122190050522.20439
151,151,95424770285.96907
152,152,110017206045.41898
153,153,104847318728.43251
154,154,96500246934.7961
155,155,36719997319.87073
156,156,55043388603.848785
157,157,103880666393.54726
158,158,96481986743.72447
159,159,116549078882.94151
160,160,100687660965.51599
161,161,123723857476.39394
162,162,106484025068.87357
163,163,98686999037.53154
164,164,105985716390.60472
165,165,119138238237.64072
166,166,104036393347.92065
167,167,114127629354.55324
168,168,103935696499.08153
169,169,18885604401.317127
170,170,99642508005.90404
171,171,90780938295.4007
172,172,105017496496.36295
173,173,121666264906.78633
174,174,106949523025.76103
175,175,72297050836.36739
176,176,108399470901.79463
177,177,110674173312.91457
178,178,93267887068.6163
179,179,105957936466.75136
180,180,109319834470.67868
181,181,95525233719.42203
182,182,122242339251.54742
183,183,101991890808.70961
184,184,98141010375.26085
185,185,94412498594.61496
186,186,107728895418.56923
187,187,105672049104.16919
188,188,111908480410.54909
189,189,111893106669.46239
190,190,100212612303.02237
191,191,105137648952.93686
192,192,115109227429.73259
193,193,112589423811.62146
194,194,100269445898.38951
195,195,92337765437.69266
196,196,101161953914.45863
197,197,107665765296.349
198,198,93185093527.54482
199,199,95570215918.51103
200,200,97909744661.9546
201,201,102308119486.4354
202,202,107975062282.10577
203,203,98881789469.25174
204,204,98172928087.49734
205,205,102726972176.81421
206,206,111564271681.9915
207,207,104702689228.45502
208,208,110900988052.51376
209,209,89540054413.85135
210,210,109797831647.19278
211,211,60043746637.20053
212,212,129887013411.51846
213,213,114569374197.32076
214,214,110827615345.88864
215,215,105002005677.62938
216,216,108196020744.45305
217,217,113505088540.0849
218,218,65348288958.55676
219,219,18954640939.839657
220,220,118982021746.53183
221,221,107260119583.93697
222,222,105807290235.62848
223,223,101535094777.5039
224,224,87865996468.55382
225,225,82202671359.56377
226,226,113192503102.90604
227,227,102124776288.41544
228,228,103436097231.60449
229,229,113898154587.07011
230,230,18627783850.98087
231,231,115013211399.03136
232,232,97006370994.75816
233,233,99193167470.01385
234,234,115592959726.91963
235,235,84981675673.93256
236,236,105629309039.25832
237,237,108415679847.95712
238,238,87752865565.97223
239,239,115328772782.77191
240,240,107948270129.91566
241,241,98117561643.27348
242,242,97788372242.73651
243,243,111815985541.04338
244,244,119373190168.21481
245,245,108895313926.33928
246,246,98846137750.74547
247,247,96992031878.85182
248,248,95901413813.5851
249,249,105370895139.86037
250,250,96083190798.7904
251,251,97715303233.12163
252,252,102188847554.29205
253,253,103971161805.73933
254,254,108829927236.13882
255,255,100660798222.78777
256,256,46169075771.64257
257,257,108754482961.3098
258,258,121343062112.5348
259,259,97603036965.21121
260,260,104408820448.59038
261,261,64678884547.1077
262,262,94562980745.97322
263,263,108537611159.04234
264,264,102844877147.77661
265,265,107087623417.4104
266,266,91484250430.23042
267,267,101092776192.80525
268,268,99375591716.92383
269,269,102540593206.31618
270,270,96935326507.18518
271,271,101072461329.95578
272,272,117449420983.00963
273,273,96925633653.22153
274,274,103490095753.75075
275,275,123063637246.32556
276,276,108148540841.57727
277,277,95828270981.76541
278,278,109891721575.7155
279,279,104394432063.75462
280,280,117417010959.13141
281,281,111387039833.8445
282,282,106559417911.44362
283,283,111268384659.10066
284,284,109007868432.13812
285,285,117559114915.34196
286,286,107006249126.0606
287,287,97415074362.39203
288,288,100192664164.76741
289,289,100341986311.17018
290,290,104993669725.68243
291,291,93799806450.54369
292,292,125477545802.48073
293,293,125265193409.76161
294,294,108590981898.5353
295,295,116392334668.76596
296,296,69156217722.15334
297,297,97045678329.64052
298,298,100056221269.45882
299,299,106018626483.41849
300,300,93712897877.66623
301,301,101224419244.38693
302,302,101506596302.1984
303,303,103820212670.9064
304,304,108030190889.2427
305,305,101701205194.14265
306,306,105308901363.63634
307,307,103767870888.12622
308,308,107108031695.58856
309,309,99690658521.27515
310,310,96163958622.32668
311,311,96608953400.26001
312,312,106601005951.76619
313,313,123003151142.7201
314,314,111544573216.15514
315,315,120466667560.65373
316,316,97785066210.75401
317,317,129118966627.86409
318,318,94889877050.94672
319,319,107047788288.53036
320,320,115518495142.81352
321,321,103462241550.00836
322,322,97290638022.88506
323,323,106346153516.97855
324,324,118196397945.26628
325,325,96449420985.65202
326,326,104457942290.2889
327,327,105594933514.80266
328,328,104409720236.35818
329,329,108444734959.07256
330,330,110760246491.09186
331,331,118383297377.79466
332,332,123327526521.75713
333,333,97062965489.80692
334,334,103049920430.09877
335,335,96651292120.86261
336,336,96462054899.9405
337,337,107824242152.97691
338,338,105105869440.08197
339,339,93346422164.43109
340,340,96278770274.21817
341,341,96840793635.87587
342,342,115712820503.63237
343,343,112574540163.6163
344,344,113817147815.44812
345,345,117886923642.78691
346,346,97283322592.56638
347,347,116940366270.11307
348,348,101782280509.60794
349,349,54963776745.13263
350,350,97934556285.75356
351,351,102236073266.60262
352,352,105437081034.54395
353,353,93381929287.13069
354,354,115021769111.62727
355,355,105748358358.96783
356,356,112516307666.97499
357,357,107831624830.6938
358,358,112862210390.26392
359,359,97301334857.66156
360,360,100813764522.3313
361,361,60203382001.74008
362,362,94126241008.91368
363,363,95479107032.8188
364,364,84862821087.57402
365,365,109802121427.62651
366,366,103877984127.74976
367,367,95373474384.95474
368,368,81075145213.74048
369,369,96403657983.87387
370,370,92636385478.40825
371,371,110912829109.88437
372,372,106141333782.87689
373,373,101291128438.57433
374,374,117690509020.1225
375,375,108363399463.80801
376,376,99125108174.41402
377,377,103461947753.38634
378,378,92774557944.14442
379,379,120185888334.40442
380,380,118370740323.99693
381,381,102908465978.54779
382,382,106176553080.61499
383,383,102311548990.6154
384,384,104529532453.7048
385,385,97770627342.70744
386,386,53873429169.99098
387,387,117842413301.0771
388,388,103242898382.6787
389,389,107625996027.42735
390,390,103697118870.08081
391,391,97264021074.89377
392,392,105847728704.74753
393,393,99516406981.03809
394,394,96923273818.13269
395,395,100629971172.63086
396,396,98471126096.28734
397,397,98172969806.55006
398,398,108618019670.88983
399,399,111947261406.14937
400,400,125864505599.24709
401,401,114554927037.1773
402,402,92708181098.76291
403,403,110185166901.06131
404,404,102828915460.53511
405,405,108575631748.45255
406,406,101552342372.2224
407,407,103259713583.85896
408,408,104608167922.27469
409,409,97274155697.92386
410,410,115625668137.0832
411,411,91819998611.16089
412,412,111458501026.34071
413,413,119428775001.03288
414,414,120785172813.57686
415,415,111106190961.15106
416,416,103539474768.38112
417,417,98892605243.80861
418,418,100495923920.70166
419,419,95732774391.82542
420,420,96902344656.60999
421,421,103773233462.15381
422,422,100932781394.22371
423,423,99953939353.30257
424,424,112092593975.82262
425,425,95236321819.63211
426,426,116303458866.7712
427,427,101504258104.19662
428,428,99669532641.18164
429,429,125563216717.32213
430,430,118796307279.37863
431,431,106909659956.70775
432,432,64144232572.97281
433,433,40665966517.37858
434,434,111237230163.5425
435,435,102896046097.21648
436,436,99351719194.37505
437,437,106466612438.71648
438,438,110484307477.72958
439,439,99691990399.79987
440,440,111108316166.45232
441,441,100006916029.97626
442,442,104028490893.93031
443,443,121119061001.43608
444,444,99899147249.906
445,445,96733579490.52324
446,446,98189708498.88435
447,447,111793251782.73178
448,448,97568299355.89636
449,449,103321471716.7316
450,450,97926123084.85956
451,451,104490853762.13635
452,452,109851643181.69585
453,453,100721332206.46436
454,454,62974734449.54152
455,455,114057354874.60338
456,456,98688897413.24165
457,457,92932811420.032
458,458,107966764553.99483
459,459,95515810580.23607
460,460,103509304329.97418
461,461,97344049708.99437
462,462,108352899278.08118
463,463,108578561004.26445
464,464,112695260815.39142
465,465,111653260301.60025
466,466,100030552759.34834
467,467,18982358507.639133
468,468,81383906376.23613
469,469,119285140870.59357
470,470,95951137223.3522
471,471,131200211769.9971
472,472,103154789938.9502
473,473,98478496435.18295
474,474,119650981385.1145
475,475,95017248840.00653
476,476,91274636652.43915
477,477,113256613186.68863
478,478,32473193145.93843
479,479,115369536466.00427
480,480,94409573999.17569
481,481,115053369531.53105
482,482,96537921394.70354
483,483,106772003963.56827
484,484,95047203529.28142
485,485,100943444420.29907
486,486,98234066632.51987
487,487,115214287463.4722
488,488,117501173854.14339
489,489,106271198185.75171
490,490,118288622231.58627
491,491,101549987966.52675
492,492,104559519238.72844
493,493,112945377257.8132
494,494,98569309792.32697
495,495,114990678222.48367
496,496,103960997804.20976
497,497,94289589777.42023
498,498,62618342756.16625
499,499,97606684838.62978
