event,lead_time_h,attachment_probability,mean_loss,median_loss,p_zero_loss,hit_portfolio
Fani,72,0.658,47110733552.54853,30174089820.835155,0.106,True
Fani,48,0.808,56357725067.905106,45771906234.00629,0.03,True
Fani,24,0.976,78449091427.9641,79433465654.14204,0.002,True
Fani,12,0.996,78764969057.76222,79926845424.03304,0.0,True
Fani,0,1.0,28486852384.51749,28339408398.11785,0.0,True
Phailin,72,0.308,17302835463.586235,590274979.6668818,0.314,False
Phailin,48,0.194,10517797312.849401,367422087.4016493,0.272,False
Phailin,24,0.044,1783659182.7492568,278933446.70055544,0.242,False
Phailin,12,0.002,689557148.2343554,311151520.79716605,0.072,False
Phailin,0,0.0,234877345.3251872,234031849.1857537,0.0,False
Titli,48,0.016,638766782.2241074,0.0,0.612,False
Titli,24,0.0,58789715.501049116,0.0,0.534,False
Titli,12,0.0,60524258.70336006,24626915.240955405,0.458,False
Titli,0,0.0,38763662.27549081,35368653.841527276,0.298,False
Amphan,72,0.026,1041054501.339865,0.0,0.842,False
Amphan,48,0.0,23346543.374155495,0.0,0.954,False
Amphan,24,0.0,0.0,0.0,1.0,False
Amphan,12,0.0,0.0,0.0,1.0,False
Amphan,0,0.0,0.0,0.0,1.0,False
