threshold,warned_hits,missed_hits,false_alarms,correct_silence,hit_detection_rate,mean_warning_lead_h,min_warning_lead_h,false_alarm_events,missed_events
0.05,1,0,1,2,1.0,72.0,72.0,Phailin,
0.1,1,0,1,2,1.0,72.0,72.0,Phailin,
0.15,1,0,1,2,1.0,72.0,72.0,Phailin,
0.2,1,0,1,2,1.0,72.0,72.0,Phailin,
0.25,1,0,1,2,1.0,72.0,72.0,Phailin,
0.3,1,0,1,2,1.0,72.0,72.0,Phailin,
0.35,1,0,0,3,1.0,72.0,72.0,,
0.4,1,0,0,3,1.0,72.0,72.0,,
0.45,1,0,0,3,1.0,72.0,72.0,,
0.5,1,0,0,3,1.0,72.0,72.0,,
0.55,1,0,0,3,1.0,72.0,72.0,,
0.6,1,0,0,3,1.0,72.0,72.0,,
0.65,1,0,0,3,1.0,72.0,72.0,,
0.7,1,0,0,3,1.0,48.0,48.0,,
0.75,1,0,0,3,1.0,48.0,48.0,,
0.8,1,0,0,3,1.0,48.0,48.0,,
0.85,1,0,0,3,1.0,24.0,24.0,,
0.9,1,0,0,3,1.0,24.0,24.0,,
0.95,1,0,0,3,1.0,24.0,24.0,,
