event,lead_time_h,members,reserve_p75,attachment_point,limit,attachment_probability,attachment_count,exhaustion_probability,notification_threshold,notification_trigger,mean_gross_loss,median_gross_loss,mean_cat_xl_recovery,median_cat_xl_recovery,max_cat_xl_recovery
Amphan,72,500,0.0,12000000000.0,10000000000.0,0.026,13,0.02,0.5,False,1041054501.339865,0.0,244196246.5936161,0.0,10000000000.0
Amphan,48,500,0.0,12000000000.0,10000000000.0,0.0,0,0.0,0.5,False,23346543.374155495,0.0,0.0,0.0,0.0
Amphan,24,500,0.0,12000000000.0,10000000000.0,0.0,0,0.0,0.5,False,0.0,0.0,0.0,0.0,0.0
Amphan,12,500,0.0,12000000000.0,10000000000.0,0.0,0,0.0,0.5,False,0.0,0.0,0.0,0.0,0.0
Amphan,0,500,0.0,12000000000.0,10000000000.0,0.0,0,0.0,0.5,False,0.0,0.0,0.0,0.0,0.0
Fani,72,500,89739980313.74387,12000000000.0,10000000000.0,0.658,329,0.562,0.5,True,47110733552.54853,30174089820.835155,6055578126.242107,10000000000.0,10000000000.0
Fani,48,500,92472318893.44232,12000000000.0,10000000000.0,0.808,404,0.726,0.5,True,56357725067.905106,45771906234.00629,7675430677.7202,10000000000.0,10000000000.0
Fani,24,500,104155258876.8522,12000000000.0,10000000000.0,0.976,488,0.956,0.5,True,78449091427.9641,79433465654.14204,9657073771.149477,10000000000.0,10000000000.0
Fani,12,500,96588264516.2375,12000000000.0,10000000000.0,0.996,498,0.98,0.5,True,78764969057.76222,79926845424.03304,9886817597.861162,10000000000.0,10000000000.0
Fani,0,500,31107852805.385483,12000000000.0,10000000000.0,1.0,500,0.946,0.5,True,28486852384.51749,28339408398.11785,9907037414.122137,10000000000.0,10000000000.0
Phailin,72,500,20508055292.759453,12000000000.0,10000000000.0,0.308,154,0.244,0.5,False,17302835463.586235,590274979.6668818,2766662336.643839,0.0,10000000000.0
Phailin,48,500,4183098997.1839476,12000000000.0,10000000000.0,0.194,97,0.136,0.5,False,10517797312.849401,367422087.4016493,1565052146.6313047,0.0,10000000000.0
Phailin,24,500,1551398807.6477208,12000000000.0,10000000000.0,0.044,22,0.01,0.5,False,1783659182.7492568,278933446.70055544,255260187.2180982,0.0,10000000000.0
Phailin,12,500,893274042.9875743,12000000000.0,10000000000.0,0.002,1,0.0,0.5,False,689557148.2343554,311151520.79716605,1976519.8097828063,0.0,988259904.8914032
Phailin,0,500,246711069.35884565,12000000000.0,10000000000.0,0.0,0,0.0,0.5,False,234877345.3251872,234031849.1857537,0.0,0.0,0.0
Titli,48,500,149034897.21904472,12000000000.0,10000000000.0,0.016,8,0.004,0.5,False,638766782.2241074,0.0,90130655.87918177,0.0,10000000000.0
Titli,24,500,119996300.37668106,12000000000.0,10000000000.0,0.0,0,0.0,0.5,False,58789715.501049116,0.0,0.0,0.0,0.0
Titli,12,500,121678014.97772488,12000000000.0,10000000000.0,0.0,0,0.0,0.5,False,60524258.70336006,24626915.240955405,0.0,0.0,0.0
Titli,0,500,68577447.18459374,12000000000.0,10000000000.0,0.0,0,0.0,0.5,False,38763662.27549081,35368653.841527276,0.0,0.0,0.0
