event,lead_time_h,sigma_a_landfall_km,extension_km,extension_sigmas,worst_backward_km,worst_backward_sigmas,members_beyond_extension,of_which_zero_loss,n_zero_total,covered
Fani,72,154.0,640.5923565231374,4.159690626773619,397.7267815843342,2.582641438859313,0,0,53,True
Fani,48,120.25,491.9261729224115,4.090862144884919,334.63705238961904,2.7828445105165827,0,0,15,True
Fani,24,84.47,345.08745354363987,4.085325601321651,278.9241208688581,3.302049495310265,0,0,1,True
Fani,12,52.4,210.8035148248951,4.022967840169754,201.46354841533392,3.844724206399502,0,0,0,True
Phailin,72,154.0,422.0379705587772,2.740506302329722,462.7163198937966,3.004651427881796,1,1,157,False
Phailin,48,120.25,422.0379705587772,3.509671272838064,377.68327225652575,3.140817232902501,0,0,136,True
Phailin,24,84.47,362.8049106042512,4.295074116304619,358.98158480509176,4.249811587606153,0,0,121,True
Phailin,12,52.4,217.55324469020664,4.151779478820737,145.07594765657166,2.768624955278085,0,0,36,True
Titli,48,120.25,388.1868218842034,3.228164838953875,346.61487966035025,2.882452221707694,0,0,306,True
Titli,24,84.47,352.87363247867296,4.177502456240949,250.34788820769202,2.9637491204888367,0,0,267,True
Titli,12,52.4,219.59952374067757,4.190830605738122,175.6411007017773,3.351929402705674,0,0,229,True
Amphan,72,154.0,610.0906993749991,3.9616279180194747,550.0035952953393,3.5714519175022033,0,0,421,True
Amphan,48,120.25,512.8205587307633,4.264620031025059,318.0797454171322,2.6451538080426795,0,0,477,True
Amphan,24,84.47,354.2033414580923,4.193244245981915,255.67784545637926,3.0268479395806707,0,0,500,True
Amphan,12,52.4,220.75925820917712,4.212962942923228,172.82902639623407,3.298263862523551,0,0,500,True
