event,lead_time_h,n_members,p_zero,mean_B,p5_B,p50_B,p75_B,p95_B,max_B,p_attach,n_attach,p_exhaust,variants
Amphan,72,500,0.842,1.0410545013398649,0.0,0.0,0.0,2.882342506063903,70.1498447403862,0.026,13,0.02,combined_sensitivity;dirty;p001_sensitivity;p003_sensitivity
Amphan,48,500,0.954,0.023346543374155496,0.0,0.0,0.0,0.0,1.346559723005677,0.0,0,0.0,combined_sensitivity;dirty;p001_sensitivity;p003_sensitivity
Amphan,24,500,1.0,0.0,0.0,0.0,0.0,0.0,0.0,0.0,0,0.0,combined_sensitivity;dirty;p001_sensitivity;p003_sensitivity
Amphan,12,500,1.0,0.0,0.0,0.0,0.0,0.0,0.0,0.0,0,0.0,combined_sensitivity;dirty;p001_sensitivity;p003_sensitivity
Amphan,0,500,1.0,0.0,0.0,0.0,0.0,0.0,0.0,0.0,0,0.0,combined_sensitivity;dirty;p001_sensitivity;p003_sensitivity
Fani,72,500,0.106,47.11073355254853,0.0,30.174089820835157,89.73998031374387,133.42017000655542,140.44343859459087,0.658,329,0.562,combined_sensitivity;dirty;p001_sensitivity;p003_sensitivity
Fani,48,500,0.03,56.35772506790511,0.3895129164748464,45.77190623400629,92.47231889344232,132.52126134241075,140.2841447232576,0.808,404,0.726,combined_sensitivity;dirty;p001_sensitivity;p003_sensitivity
Fani,24,500,0.002,78.44909142796409,24.05029337543117,79.43346565414204,104.1552588768522,130.2073694070421,138.63440115067732,0.976,488,0.956,combined_sensitivity;dirty;p001_sensitivity;p003_sensitivity
Fani,12,500,0.0,78.76496905776222,36.01565375138338,79.92684542403303,96.5882645162375,115.97413200213931,129.1810140724235,0.996,498,0.98,combined_sensitivity;dirty;p001_sensitivity;p003_sensitivity
Fani,0,500,0.0,28.48685238451749,21.726603188431973,28.33940839811785,31.107852805385484,35.32182412342431,44.1217785235744,1.0,500,0.946,combined_sensitivity;dirty;p001_sensitivity;p003_sensitivity
Phailin,72,500,0.314,17.302835463586234,0.0,0.5902749796668818,20.50805529275945,99.97952483251728,135.90942135730626,0.308,154,0.244,combined_sensitivity;dirty;p001_sensitivity;p003_sensitivity
Phailin,48,500,0.272,10.517797312849401,0.0,0.3674220874016493,4.183098997183947,70.04933382331846,136.34900929654674,0.194,97,0.136,combined_sensitivity;dirty;p001_sensitivity;p003_sensitivity
Phailin,24,500,0.242,1.783659182749257,0.0,0.2789334467005554,1.5513988076477208,10.460949658954293,34.34271057646781,0.044,22,0.01,combined_sensitivity;dirty;p001_sensitivity;p003_sensitivity
Phailin,12,500,0.072,0.6895571482343554,0.0,0.31115152079716607,0.8932740429875743,2.158169375548115,12.988259904891404,0.002,1,0.0,combined_sensitivity;dirty;p001_sensitivity;p003_sensitivity
Phailin,0,500,0.0,0.2348773453251872,0.2042159768370961,0.2340318491857537,0.24671106935884565,0.26745163650508536,0.3196843776713324,0.0,0,0.0,combined_sensitivity;dirty;p001_sensitivity;p003_sensitivity
Titli,48,500,0.612,0.6387667822241074,0.0,0.0,0.14903489721904473,2.369431855060435,23.25140683864944,0.016,8,0.004,combined_sensitivity;dirty;p001_sensitivity;p003_sensitivity
Titli,24,500,0.534,0.05878971550104912,0.0,0.0,0.11999630037668106,0.18613219603069164,0.9148483451273558,0.0,0,0.0,combined_sensitivity;dirty;p001_sensitivity;p003_sensitivity
Titli,12,500,0.458,0.060524258703360055,0.0,0.024626915240955404,0.12167801497772487,0.1756350692722097,0.32292700056871976,0.0,0,0.0,combined_sensitivity;dirty;p001_sensitivity;p003_sensitivity
Titli,0,500,0.298,0.038763662275490815,0.0,0.03536865384152728,0.06857744718459374,0.09460587641407343,0.11372939081510876,0.0,0,0.0,combined_sensitivity;dirty;p001_sensitivity;p003_sensitivity
