event,lead_time_h,sigma_a_landfall_km,required_extension_km,available_extension_km,extension_hours,hours_available_in_record,fully_covered
Amphan,72,154.0,616.0,610.0906993749991,19,19,False
Amphan,48,120.25,481.0,512.8205587307633,16,19,True
Amphan,24,84.47,337.88,354.2033414580923,11,19,True
Amphan,12,52.4,209.6,220.75925820917712,7,19,True
Amphan,0,3.989422804014327,15.957691216057308,0.0,0,19,True
Fani,72,154.0,616.0,640.5923565231374,24,26,True
Fani,48,120.25,481.0,491.9261729224115,19,26,True
Fani,24,84.47,337.88,345.08745354363987,14,26,True
Fani,12,52.4,209.6,210.8035148248951,9,26,True
Fani,0,3.989422804014327,15.957691216057308,0.0,0,26,True
Phailin,72,154.0,616.0,422.03797055877715,19,19,False
Phailin,48,120.25,481.0,422.03797055877715,19,19,False
Phailin,24,84.47,337.88,362.8049106042512,17,19,True
Phailin,12,52.4,209.6,217.55324469020664,12,19,True
Phailin,0,3.989422804014327,15.957691216057308,0.0,0,19,True
Titli,48,120.25,481.0,388.1868218842034,31,31,False
Titli,24,84.47,337.88,352.87363247867296,29,31,True
Titli,12,52.4,209.6,219.59952374067754,22,31,True
Titli,0,3.989422804014327,15.957691216057308,0.0,0,31,True
