event,lead_h,n_zero,frac_z_a_negative,sigmas_from_symmetric,mean_abs_z_c_zero,mean_abs_z_c_nonzero,mean_abs_z_a_zero,mean_abs_z_a_nonzero,verdict
Fani,72,53,0.8679245283018868,5.3570619939988715,1.2971851532332839,0.669369530660104,1.174773064700491,0.7129827692132633,cross-track miss
Fani,48,15,,,,,,,too few zeros
Fani,24,1,,,,,,,too few zeros
Fani,12,0,,,,,,,too few zeros
Fani,0,0,,,,,,,too few zeros
Phailin,72,157,0.821656050955414,8.060677533122984,0.8901181630880333,0.7826817421027698,0.8448663177403121,0.6984846579756478,TRUNCATION SUSPECTED
Phailin,48,136,0.8602941176470589,8.403430671982935,0.9044163436043339,0.7323173262902455,0.9154908420129265,0.7187406898393078,"unclear, inspect"
Phailin,24,121,0.9834710743801653,10.636363636363637,1.0491223324817187,0.7666145196960557,1.2461859923724352,0.6853616203091544,cross-track miss
Phailin,12,36,1.0,6.0,1.1839872474170625,0.7430249908168097,1.6427024379929414,0.746170884162862,cross-track miss
Phailin,0,0,,,,,,,too few zeros
Titli,48,306,0.5522875816993464,1.8293182415200955,0.7626790033652415,0.877709623772061,0.9669777547974696,0.5262826421824505,"unclear, inspect"
Titli,24,267,0.6292134831460674,4.22273142339852,0.7896429217527247,0.7115811932661136,0.9660120444852583,0.5518677828433808,"unclear, inspect"
Titli,12,229,0.5807860262008734,2.4450288216838327,0.7996333367804702,0.7236372679857901,1.0122079136872957,0.6277122152140073,"unclear, inspect"
Titli,0,149,0.6308724832214765,3.1950044900242567,1.1568988053851095,0.7105373237164185,0.8589925612157472,0.7399760676012122,cross-track miss
Amphan,72,421,0.4679334916864608,1.3158994828371642,0.6419559193806003,1.4425434433696944,0.7478528921316691,0.7956494949765688,"unclear, inspect"
Amphan,48,477,0.5136268343815513,0.5952291104443174,0.7119479971727618,2.0299726898077934,0.7612657122979989,0.7688252424557511,"unclear, inspect"
Amphan,24,500,,,,,,,too few zeros
Amphan,12,500,,,,,,,too few zeros
Amphan,0,500,,,,,,,too few zeros
